<?xml version="1.0" encoding="UTF-8"?>
<scheme name="Light for look" version="1" parent_scheme="Default">
	<option name="LINE_SPACING" value="1.0" />
	<option name="EDITOR_FONT_SIZE" value="12" />
	<option name="EDITOR_FONT_NAME" value="Menlo" />
	<colors>
		<option name="CARET_ROW_COLOR" value="e7eaeb" />
		<option name="GUTTER_BACKGROUND" value="f2f2f2" />
		<option name="LINE_NUMBERS_COLOR" value="adadad" />
		<option name="TEARLINE_COLOR" value="d4d4d4" />
	</colors>
	<attributes>
		<option name="CTRL_CLICKABLE">
			<value>
				<option name="FOREGROUND" value="006dcc" />
				<option name="EFFECT_TYPE" value="1" />
				<option name="EFFECT_COLOR" value="006dcc" />
			</value>
		</option>
		<option name="CUSTOM_KEYWORD2_ATTRIBUTES">
			<value>
				<option name="FOREGROUND" value="74118c" />
			</value>
		</option>
		<option name="CUSTOM_KEYWORD3_ATTRIBUTES">
			<value>
				<option name="FOREGROUND" value="008080" />
			</value>
		</option>
		<option name="CUSTOM_KEYWORD4_ATTRIBUTES">
			<value>
				<option name="FOREGROUND" value="800000" />
			</value>
		</option>
		<option name="DEFAULT_ATTRIBUTE">
			<value>
				<option name="FOREGROUND" value="174ad4" />
			</value>
		</option>
		<option name="DEFAULT_BLOCK_COMMENT">
			<value>
				<option name="FONT_TYPE" value="2" />
				<option name="FOREGROUND" value="353535" />
			</value>
		</option>
		<option name="DEFAULT_CONSTANT">
			<value>
				<option name="FONT_TYPE" value="2" />
				<option name="FOREGROUND" value="003459" />
			</value>
		</option>
		<option name="DEFAULT_DOC_COMMENT">
			<value>
				<option name="FONT_TYPE" value="2" />
				<option name="FOREGROUND" value="8c8c8c" />
			</value>
		</option>
		<option name="DEFAULT_DOC_COMMENT_TAG">
			<value>
				<option name="FOREGROUND" value="2b2b2b" />
				<option name="EFFECT_TYPE" value="1" />
			</value>
		</option>
		<option name="DEFAULT_DOC_COMMENT_TAG_VALUE">
			<value>
				<option name="FONT_TYPE" value="2" />
				<option name="FOREGROUND" value="2b2b2b" />
			</value>
		</option>
		<option name="DEFAULT_ENTITY">
			<value>
				<option name="FOREGROUND" value="174be6" />
			</value>
		</option>
		<option name="DEFAULT_FUNCTION_DECLARATION">
			<value>
				<option name="FOREGROUND" value="007ea7" />
			</value>
		</option>
		<option name="DEFAULT_INSTANCE_FIELD">
			<value>
				<option name="FONT_TYPE" value="1" />
				<option name="FOREGROUND" value="003459" />
			</value>
		</option>
		<option name="DEFAULT_INVALID_STRING_ESCAPE">
			<value>
				<option name="FOREGROUND" value="067d17" />
				<option name="BACKGROUND" value="ffcccc" />
			</value>
		</option>
		<option name="DEFAULT_KEYWORD">
			<value>
				<option name="FONT_TYPE" value="1" />
				<option name="FOREGROUND" value="007ea7" />
			</value>
		</option>
		<option name="DEFAULT_LABEL">
			<value>
				<option name="EFFECT_TYPE" value="1" />
				<option name="EFFECT_COLOR" value="808080" />
			</value>
		</option>
		<option name="DEFAULT_LINE_COMMENT">
			<value>
				<option name="FONT_TYPE" value="2" />
				<option name="FOREGROUND" value="353535" />
			</value>
		</option>
		<option name="DEFAULT_METADATA">
			<value>
				<option name="FOREGROUND" value="00a8e8" />
			</value>
		</option>
		<option name="DEFAULT_NUMBER">
			<value>
				<option name="FOREGROUND" value="1649e0" />
			</value>
		</option>
		<option name="DEFAULT_STATIC_FIELD">
			<value>
				<option name="FONT_TYPE" value="3" />
				<option name="FOREGROUND" value="003459" />
			</value>
		</option>
		<option name="DEFAULT_STATIC_METHOD">
			<value>
				<option name="FONT_TYPE" value="2" />
				<option name="FOREGROUND" value="007599" />
			</value>
		</option>
		<option name="DEFAULT_STRING">
			<value>
				<option name="FOREGROUND" value="003459" />
			</value>
		</option>
		<option name="DEFAULT_TAG">
			<value>
				<option name="BACKGROUND" value="f2f2f2" />
			</value>
		</option>
		<option name="DEFAULT_VALID_STRING_ESCAPE">
			<value>
				<option name="FOREGROUND" value="0037a6" />
			</value>
		</option>
		<option name="FOLDED_TEXT_ATTRIBUTES">
			<value>
				<option name="FOREGROUND" value="414d41" />
				<option name="BACKGROUND" value="e9f5e6" />
				<option name="EFFECT_TYPE" value="1" />
			</value>
		</option>
		<option name="FOLLOWED_HYPERLINK_ATTRIBUTES">
			<value>
				<option name="FOREGROUND" value="006dcc" />
				<option name="EFFECT_TYPE" value="1" />
				<option name="EFFECT_COLOR" value="006dcc" />
			</value>
		</option>
		<option name="GHERKIN_PYSTRING">
			<value>
				<option name="FOREGROUND" value="008080" />
			</value>
		</option>
		<option name="GHERKIN_REGEXP_PARAMETER">
			<value>
				<option name="FOREGROUND" value="297bde" />
			</value>
		</option>
		<option name="GO_BUILTIN_CONSTANT">
			<value>
				<option name="FOREGROUND" value="002fa6" />
			</value>
		</option>
		<option name="GO_BUILTIN_FUNCTION_CALL">
			<value>
				<option name="FOREGROUND" value="002fa6" />
			</value>
		</option>
		<option name="GO_BUILTIN_TYPE_REFERENCE">
			<value>
				<option name="FOREGROUND" value="002fa6" />
			</value>
		</option>
		<option name="GO_BUILTIN_VARIABLE">
			<value>
				<option name="FOREGROUND" value="002fa6" />
			</value>
		</option>
		<option name="GO_EXPORTED_FUNCTION">
			<value>
				<option name="FOREGROUND" value="286d73" />
			</value>
		</option>
		<option name="GO_EXPORTED_FUNCTION_CALL">
			<value>
				<option name="FOREGROUND" value="36666b" />
			</value>
		</option>
		<option name="GO_LOCAL_CONSTANT">
			<value>
				<option name="FOREGROUND" value="80118c" />
			</value>
		</option>
		<option name="GO_LOCAL_FUNCTION">
			<value>
				<option name="FOREGROUND" value="286d73" />
			</value>
		</option>
		<option name="GO_LOCAL_FUNCTION_CALL">
			<value>
				<option name="FOREGROUND" value="36666b" />
			</value>
		</option>
		<option name="GO_METHOD_RECEIVER">
			<value>
				<option name="FOREGROUND" value="008a91" />
			</value>
		</option>
		<option name="GO_PACKAGE">
			<value>
				<option name="FOREGROUND" value="805900" />
			</value>
		</option>
		<option name="GO_PACKAGE_EXPORTED_CONSTANT">
			<value>
				<option name="FOREGROUND" value="80118c" />
			</value>
		</option>
		<option name="GO_PACKAGE_LOCAL_CONSTANT">
			<value>
				<option name="FOREGROUND" value="80118c" />
			</value>
		</option>
		<option name="GO_TYPE_REFERENCE">
			<value>
				<option name="FOREGROUND" value="336ecc" />
			</value>
		</option>
		<option name="HYPERLINK_ATTRIBUTES">
			<value>
				<option name="FOREGROUND" value="006dcc" />
				<option name="EFFECT_TYPE" value="1" />
				<option name="EFFECT_COLOR" value="006dcc" />
			</value>
		</option>
		<option name="IDENTIFIER_UNDER_CARET_ATTRIBUTES">
			<value>
				<option name="BACKGROUND" value="ece8ff" />
				<option name="ERROR_STRIPE_COLOR" value="baa8ff" />
			</value>
		</option>
		<option name="IMPLICIT_ANONYMOUS_CLASS_PARAMETER_ATTRIBUTES">
			<value>
				<option name="FOREGROUND" value="00a8e8" />
				<option name="EFFECT_TYPE" value="5" />
			</value>
		</option>
		<option name="JS$GLOBAL_VARIABLE">
			<value>
				<option name="FOREGROUND" value="830091" />
			</value>
		</option>
		<option name="JS$LOCAL_VARIABLE">
			<value>
				<option name="FOREGROUND" value="248f8f" />
			</value>
		</option>
		<option name="JS$REGEXP">
			<value>
				<option name="FOREGROUND" value="264eff" />
			</value>
		</option>
		<option name="LIVE_TEMPLATE_ATTRIBUTES">
			<value>
				<option name="EFFECT_COLOR" value="e63900" />
			</value>
		</option>
		<option name="List/map to object conversion">
			<value>
				<option name="FOREGROUND" value="0000ff" />
			</value>
		</option>
		<option name="PROPERTIES$KEY">
			<value>
				<option name="FOREGROUND" value="083080" />
			</value>
		</option>
		<option name="SASS_MIXIN">
			<value>
				<option name="FOREGROUND" value="008080" />
			</value>
		</option>
		<option name="STATIC_METHOD_ATTRIBUTES">
			<value>
				<option name="FONT_TYPE" value="2" />
			</value>
		</option>
		<option name="TEMPLATE_VARIABLE_ATTRIBUTES">
			<value>
				<option name="FONT_TYPE" value="2" />
				<option name="FOREGROUND" value="7f0000" />
			</value>
		</option>
		<option name="TEXT">
			<value>
				<option name="FOREGROUND" value="00171f" />
				<option name="BACKGROUND" value="f1f1f1" />
			</value>
		</option>
		<option name="TEXT_SEARCH_RESULT_ATTRIBUTES">
			<value>
				<option name="FOREGROUND" value="000000" />
				<option name="BACKGROUND" value="ffe959" />
				<option name="ERROR_STRIPE_COLOR" value="99661f" />
			</value>
		</option>
		<option name="TODO_DEFAULT_ATTRIBUTES">
			<value>
				<option name="FONT_TYPE" value="2" />
				<option name="FOREGROUND" value="008dde" />
				<option name="ERROR_STRIPE_COLOR" value="54aae3" />
			</value>
		</option>
		<option name="WARNING_ATTRIBUTES">
			<value>
				<option name="BACKGROUND" value="f5eac1" />
				<option name="ERROR_STRIPE_COLOR" value="ebc700" />
				<option name="EFFECT_TYPE" value="1" />
			</value>
		</option>
		<option name="WRONG_REFERENCES_ATTRIBUTES">
			<value>
				<option name="FOREGROUND" value="ed0000" />
			</value>
		</option>
		<option name="YAML_ANCHOR">
			<value>
				<option name="FOREGROUND" value="0000e6" />
			</value>
		</option>
	</attributes>
</scheme>