<keymap version="1" name="Windows copy Proper Redo" parent="$default">
  <action id="$Redo">
    <keyboard-shortcut first-keystroke="shift ctrl z" />
    <keyboard-shortcut first-keystroke="shift alt back_space" />
    <keyboard-shortcut first-keystroke="ctrl y" />
  </action>
  <action id="Console.TableResult.SetNull" />
  <action id="EditorDeleteLine" />
  <action id="FindInPath">
    <keyboard-shortcut first-keystroke="shift ctrl t" />
  </action>
  <action id="GotoTest" />
  <action id="Inline" />
  <action id="IntroduceVariable">
    <keyboard-shortcut first-keystroke="ctrl alt v" />
    <keyboard-shortcut first-keystroke="ctrl alt n" />
  </action>
  <action id="ServiceView.ShowServices" />
</keymap>