<application>
  <component name="NotificationConfiguration">
    <notification groupId="Compiler" />
    <notification groupId="Docker: Dockerfile detection" shouldLog="false" />
    <notification groupId="Execution" />
    <notification groupId="LiveEdit Minor" />
    <notification groupId="Project Startup Tasks Messages" />
    <notification groupId="scrolling-capabilities-debug" />
    <notification groupId="Vcs Silent Notifications" />
    <notification groupId="Webpack" />
  </component>
</application>