<application>
  <component name="AppStorage">
    <histories>
      <item value="coarse-grained" />
      <item value="Arity" />
      <item value="duplicator" />
      <item value="preserve" />
      <item value="notation" />
      <item value="Traversable" />
      <item value="flag" />
      <item value="Trickery" />
      <item value="fraction" />
      <item value="exclude" />
      <item value="approximate" />
      <item value="complement" />
      <item value="potentially" />
      <item value="enq" />
      <item value="exclusive" />
      <item value="enqueued" />
      <item value="semantics" />
      <item value="inclusive" />
      <item value="indefinitely" />
      <item value="wind" />
      <item value="compact" />
      <item value="Invariants" />
      <item value="finite" />
      <item value="raised" />
      <item value="he option must be set prior to entering a blocking * operation to take effect. If the timeout expires and the * operation would continue to block, * &lt;B&gt;java.io.InterruptedIOException&lt;/B&gt; is raised. The Socket is * not closed in this case." />
      <item value="prior" />
      <item value="robust" />
      <item value="coupled" />
      <item value="contract" />
      <item value="exclusively" />
      <item value="positive" />
      <item value="evictor" />
      <item value="Returns whether objects sitting idle in the pool will be validated by the * idle object evictor" />
      <item value="Successive activations of this method examine objects in sequence, * cycling through objects in oldest-to-youngest order." />
      <item value="exhausted " />
      <item value="decrements" />
      <item value="estimate" />
      <item value="Exhaust" />
      <item value="internally" />
      <item value="excludes" />
      <item value="essentially" />
      <item value="no-op's" />
      <item value="passivate" />
      <item value="assivate" />
      <item value="violate" />
      <item value="power" />
      <item value="transitions" />
      <item value="EVICTION" />
      <item value="offset" />
      <item value="Classification&quot;" />
    </histories>
    <option name="languageScores">
      <map>
        <entry key="CHINESE" value="101" />
        <entry key="ENGLISH" value="98" />
        <entry key="FRENCH" value="3" />
      </map>
    </option>
  </component>
  <component name="Settings">
    <option name="ignoreRegExp" value="" />
    <option name="translator" value="ai.youdao" />
    <option name="youdaoTranslateSettings">
      <youdao-translate>
        <option name="appId" value="3e6878ab2f245621" />
        <option name="appKeyConfigured" value="true" />
      </youdao-translate>
    </option>
  </component>
</application>