<application>
  <component name="VimEditorSettings">
    <editor />
  </component>
  <component name="VimHistorySettings">
    <history>
      <history-search>
        <entry encoding="base64">XDxqY2FwdGNoYVw+</entry>
        <entry encoding="base64">XDxjb25maXJtV09yZGVyXD4=</entry>
        <entry encoding="base64">XDxzYWxlQ29kZVw+</entry>
        <entry encoding="base64">XDxwYWNrYWdlQ29kZVw+</entry>
        <entry encoding="base64">XDxvcmRlclR5cGVcPg==</entry>
        <entry encoding="base64">XDxhZGROZXdQaG9uZVw+</entry>
        <entry encoding="base64">XDxtYWNhcm9uc1w+</entry>
        <entry encoding="base64">XDxnZXRMaW5lQ2hhcnREYXRhXD4=</entry>
        <entry encoding="base64">XDxjaGFydERhdGFcPg==</entry>
        <entry encoding="base64">XDxzd2l0Y2hcPg==</entry>
        <entry encoding="base64">XDxpY29uVXJsXD4=</entry>
        <entry encoding="base64">XDxpbWFnZVNob3dcPg==</entry>
        <entry encoding="base64">XDxzbXNcPg==</entry>
        <entry encoding="base64">XDxkZWxcPg==</entry>
        <entry encoding="base64">XDxvcHRUcmlnZ2VyXD4=</entry>
      </history-search>
      <history-cmd>
        <entry encoding="base64">JzwsJz4=</entry>
        <entry encoding="base64">JzwsJz53</entry>
        <entry>w</entry>
        <entry>x</entry>
        <entry>reg</entry>
      </history-cmd>
      <history-expr />
      <history-input />
    </history>
  </component>
  <component name="VimKeySettings">
    <shortcut-conflicts>
      <shortcut-conflict owner="vim">
        <text>ctrl pressed S</text>
      </shortcut-conflict>
      <shortcut-conflict owner="ide">
        <text>ctrl pressed C</text>
      </shortcut-conflict>
      <shortcut-conflict owner="ide">
        <text>ctrl pressed V</text>
      </shortcut-conflict>
      <shortcut-conflict owner="ide">
        <text>ctrl pressed H</text>
      </shortcut-conflict>
      <shortcut-conflict owner="ide">
        <text>ctrl pressed O</text>
      </shortcut-conflict>
      <shortcut-conflict owner="ide">
        <text>ctrl pressed X</text>
      </shortcut-conflict>
      <shortcut-conflict owner="ide">
        <text>ctrl pressed F</text>
      </shortcut-conflict>
      <shortcut-conflict owner="ide">
        <text>ctrl pressed G</text>
      </shortcut-conflict>
      <shortcut-conflict owner="ide">
        <text>ctrl pressed B</text>
      </shortcut-conflict>
      <shortcut-conflict owner="ide">
        <text>ctrl pressed U</text>
      </shortcut-conflict>
      <shortcut-conflict owner="ide">
        <text>ctrl pressed D</text>
      </shortcut-conflict>
      <shortcut-conflict owner="ide">
        <text>ctrl pressed Y</text>
      </shortcut-conflict>
      <shortcut-conflict owner="vim">
        <text>ctrl pressed W</text>
      </shortcut-conflict>
      <shortcut-conflict owner="vim">
        <text>ctrl pressed OPEN_BRACKET</text>
      </shortcut-conflict>
      <shortcut-conflict owner="ide">
        <text>ctrl pressed T</text>
      </shortcut-conflict>
      <shortcut-conflict owner="vim">
        <text>ctrl pressed R</text>
      </shortcut-conflict>
      <shortcut-conflict owner="ide">
        <text>ctrl pressed A</text>
      </shortcut-conflict>
      <shortcut-conflict owner="vim">
        <text>ctrl pressed P</text>
      </shortcut-conflict>
      <shortcut-conflict owner="ide">
        <text>ctrl pressed I</text>
      </shortcut-conflict>
      <shortcut-conflict owner="vim">
        <text>ctrl pressed E</text>
      </shortcut-conflict>
      <shortcut-conflict owner="ide">
        <text>ctrl pressed L</text>
      </shortcut-conflict>
      <shortcut-conflict owner="vim">
        <text>ctrl pressed J</text>
      </shortcut-conflict>
    </shortcut-conflicts>
  </component>
  <component name="VimMarksSettings">
    <globalmarks />
    <filemarks>
      <file name="/Dummy.txt" timestamp="1591588154976">
        <mark key="[" line="0" column="0" />
        <mark key="]" line="0" column="0" />
        <mark key="." line="0" column="0" />
      </file>
      <file name="$USER_HOME$/code/protect/v3.8/eversec-dmp-province/src/main/java/com/eversec/dmp/personal/controller/AppController.java" timestamp="1591093751377">
        <mark key="[" line="161" column="67" />
      </file>
      <file name="$USER_HOME$/Desktop/work/hyperscan/HyperscanTest.java" timestamp="1592296230236">
        <mark key="[" line="20" column="866" />
        <mark key="]" line="20" column="866" />
        <mark key="^" line="61" column="43" />
        <mark key="." line="20" column="866" />
      </file>
      <file name="$USER_HOME$/code/protect/v3.8/02_Database_Script/update.sql" timestamp="1591166577835">
        <mark key="[" line="984" column="32" />
      </file>
      <file name="$USER_HOME$/code/protect/v3.8/SunDeamonGatewayParent/src/main/resources/application.properties" timestamp="1591587963970">
        <mark key="[" line="87" column="20" />
        <mark key="]" line="87" column="27" />
        <mark key="." line="87" column="26" />
        <mark key="^" line="87" column="27" />
      </file>
      <file name="$USER_HOME$/code/protect/v3.8/SunDaemonBrace/src/main/java/com/eversec/protect/modules/sms/controller/FeignSmsController.java" timestamp="1591179377275">
        <mark key="[" line="281" column="9" />
        <mark key="]" line="278" column="20" />
        <mark key="." line="278" column="20" />
      </file>
      <file name="$USER_HOME$/code/protect/v3.8/SunDaemonPay/src/test/java/PmzTest.java" timestamp="1591256107274">
        <mark key="[" line="20" column="35" />
        <mark key="]" line="20" column="35" />
        <mark key="." line="20" column="35" />
      </file>
      <file name="$USER_HOME$/code/protect/v3.8/SunDaemonPersonal/src/main/java/com/eversec/protect/modules/task/PersonalAppRateDayWeekJobHandler.java" timestamp="1592190530714">
        <mark key="[" line="97" column="73" />
      </file>
    </filemarks>
    <jumps>
      <jump line="24" column="31" filename="$USER_HOME$/code/everpay/pom.xml" />
      <jump line="550" column="53" filename="$USER_HOME$/code/protect/trunk/EverChildNet/src/main/java/com/eversec/childnet/api/UserController.java" />
      <jump line="106" column="23" filename="$USER_HOME$/code/protect/trunk/EverChildNet/src/main/java/com/eversec/childnet/api/MdmController.java" />
      <jump line="62" column="4" filename="$USER_HOME$/code/protect/trunk/EverParentService/src/main/java/com/eversec/protect/modules/wechat/service/WeChatAlarmLogService.java" />
      <jump line="27" column="38" filename="$USER_HOME$/code/protect/trunk/EverParentService/src/main/java/com/eversec/protect/modules/user/dao/UserDao.java" />
      <jump line="991" column="28" filename="$USER_HOME$/code/protect/trunk/EverParentService/src/main/java/com/eversec/protect/modules/order/service/OrderBaseService.java" />
      <jump line="681" column="50" filename="$USER_HOME$/code/protect/v1.0/EverParentService/src/main/java/com/eversec/protect/modules/order/service/OrderBaseService.java" />
      <jump line="637" column="52" filename="$USER_HOME$/code/protect/v1.0/EverParentService/src/main/java/com/eversec/protect/modules/order/service/OrderBaseService.java" />
      <jump line="167" column="8" filename="$USER_HOME$/code/protect/trunk/EverParentService/src/test/java/LangTest.java" />
      <jump line="49" column="13" filename="$USER_HOME$/code/protect/trunk/EverParentService/src/main/java/com/eversec/protect/modules/report/service/StatOrderService.java" />
      <jump line="1032" column="39" filename="$USER_HOME$/code/protect/trunk/EverParentService/src/main/java/com/eversec/protect/modules/childnet/mdm/utils/DateUtil.java" />
      <jump line="23" column="66" filename="$USER_HOME$/code/protect/trunk/EverParentService/src/main/java/com/eversec/protect/modules/childnet/app/service/AppInfoService.java" />
      <jump line="1" column="0" filename="$USER_HOME$/code/protect/trunk/EverParentService/src/main/java/com/eversec/protect/modules/childnet/app/service/AppInfoService.java" />
      <jump line="933" column="62" filename="$USER_HOME$/code/protect/trunk/EverParentService/src/main/java/com/eversec/protect/modules/order/service/OrderBaseService.java" />
      <jump line="59" column="16" filename="$USER_HOME$/code/protect/trunk/EverParentService/src/main/java/com/eversec/protect/modules/wechat/service/WeChatAlarmLogService.java" />
      <jump line="281" column="6" filename="$USER_HOME$/code/protect/trunk/EverParentService/src/main/java/com/eversec/protect/modules/order/service/OrderBaseService.java" />
      <jump line="36" column="22" filename="$USER_HOME$/code/protect/trunk/EverParentService/src/test/java/LangTest.java" />
      <jump line="367" column="13" filename="$USER_HOME$/code/protect/trunk/EverParentProtect/src/main/webapp/WEB-INF/views/protect/order.jsp" />
      <jump line="331" column="12" filename="$USER_HOME$/code/protect/trunk/EverParentProtect/src/main/webapp/WEB-INF/views/protect/order.jsp" />
      <jump line="232" column="74" filename="$USER_HOME$/code/protect/trunk/EverParentProtect/src/main/webapp/WEB-INF/views/protect/order.jsp" />
      <jump line="243" column="74" filename="$USER_HOME$/code/protect/trunk/EverParentProtect/src/main/webapp/WEB-INF/views/protect/order.jsp" />
      <jump line="252" column="23" filename="$USER_HOME$/code/protect/trunk/EverParentProtect/src/main/webapp/WEB-INF/views/protect/order.jsp" />
      <jump line="253" column="35" filename="$USER_HOME$/code/protect/trunk/EverParentProtect/src/main/webapp/WEB-INF/views/protect/order.jsp" />
      <jump line="264" column="39" filename="$USER_HOME$/code/protect/trunk/EverParentProtect/src/main/webapp/WEB-INF/views/protect/order.jsp" />
      <jump line="308" column="41" filename="$USER_HOME$/code/protect/trunk/EverParentProtect/src/main/webapp/WEB-INF/views/protect/order.jsp" />
      <jump line="415" column="26" filename="$USER_HOME$/code/protect/trunk/EverParentProtect/src/main/webapp/WEB-INF/views/protect/order.jsp" />
      <jump line="417" column="15" filename="$USER_HOME$/code/protect/trunk/EverParentProtect/src/main/webapp/WEB-INF/views/protect/order.jsp" />
      <jump line="425" column="29" filename="$USER_HOME$/code/protect/trunk/EverParentProtect/src/main/webapp/WEB-INF/views/protect/order.jsp" />
      <jump line="457" column="12" filename="$USER_HOME$/code/protect/trunk/EverParentProtect/src/main/webapp/WEB-INF/views/protect/order.jsp" />
      <jump line="458" column="24" filename="$USER_HOME$/code/protect/trunk/EverParentProtect/src/main/webapp/WEB-INF/views/protect/order.jsp" />
      <jump line="50" column="9" filename="$USER_HOME$/code/protect/trunk/EverParentProtect/src/main/webapp/WEB-INF/views/protect/order.jsp" />
      <jump line="346" column="125" filename="$USER_HOME$/code/protect/trunk/EverParentProtect/src/main/webapp/WEB-INF/views/protect/order.jsp" />
      <jump line="134" column="27" filename="$USER_HOME$/code/protect/trunk/EverParentProtect/src/main/webapp/WEB-INF/views/protect/order.jsp" />
      <jump line="223" column="16" filename="$USER_HOME$/code/protect/trunk/EverParentProtect/src/main/webapp/WEB-INF/views/protect/order.jsp" />
      <jump line="336" column="54" filename="$USER_HOME$/code/protect/trunk/EverParentProtect/src/main/webapp/WEB-INF/views/protect/order.jsp" />
      <jump line="266" column="11" filename="$USER_HOME$/code/protect/trunk/EverParentProtect/src/main/webapp/WEB-INF/views/protect/order.jsp" />
      <jump line="139" column="22" filename="$USER_HOME$/code/protect/trunk/EverParentProtect/src/main/webapp/WEB-INF/views/protect/order.jsp" />
      <jump line="131" column="16" filename="$USER_HOME$/code/protect/trunk/EverParentProtect/src/main/webapp/WEB-INF/views/protect/order.jsp" />
      <jump line="127" column="35" filename="$USER_HOME$/code/protect/trunk/EverParentProtect/src/main/webapp/WEB-INF/views/protect/order.jsp" />
      <jump line="1153" column="58" filename="$USER_HOME$/code/protect/trunk/EverParentService/src/main/java/com/eversec/protect/modules/order/service/OrderBaseService.java" />
      <jump line="865" column="13" filename="$USER_HOME$/code/protect/trunk/EverParentProtect/src/main/webapp/WEB-INF/views/protect/homePage.jsp" />
      <jump line="120" column="15" filename="$USER_HOME$/code/protect/trunk/EverParentProtect/src/main/webapp/WEB-INF/views/protect/appUseDay.jsp" />
      <jump line="109" column="0" filename="$USER_HOME$/code/protect/trunk/EverParentProtect/src/main/webapp/WEB-INF/views/protect/appUseDay.jsp" />
      <jump line="53" column="22" filename="$USER_HOME$/code/protect/trunk/EverParentService/src/main/java/com/eversec/protect/modules/common/cache/utils/RedisSentinelUtil.java" />
      <jump line="51" column="4" filename="$USER_HOME$/code/protect/trunk/EverParentService/src/main/java/com/eversec/protect/modules/common/cache/utils/RedisSentinelUtil.java" />
      <jump line="69" column="25" filename="$USER_HOME$/code/protect/v1.2/EverParentProtect/src/main/webapp/WEB-INF/views/protect/configSetting.jsp" />
      <jump line="46" column="8" filename="$USER_HOME$/code/protect/v1.2/EverParentProtect/src/main/webapp/WEB-INF/views/protect/configSetting.jsp" />
      <jump line="29" column="38" filename="$USER_HOME$/code/protect/v1.2/EverParentProtect/src/main/java/com/eversec/protect/modules/wxbind/api/AccessTokenApi.java" />
      <jump line="48" column="0" filename="$USER_HOME$/code/protect/v1.2/EverParentProtect/src/main/java/com/eversec/protect/modules/wxbind/api/AccessTokenApi.java" />
      <jump line="13" column="0" filename="$USER_HOME$/code/protect/v3/SunDeamonGatewayParent/src/main/resources/application-dev.properties" />
      <jump line="44" column="0" filename="$USER_HOME$/code/protect/v3/SunDeamonGatewayParent/src/main/resources/application-dev.properties" />
      <jump line="0" column="0" filename="$USER_HOME$/code/protect/v3/SunDeamonGatewayParent/src/main/resources/application-dev.properties" />
      <jump line="18" column="24" filename="$USER_HOME$/code/protect/v3/SunDaemonPersonal/src/main/resources/application-dev.properties" />
      <jump line="0" column="0" filename="$USER_HOME$/code/protect/v3/SunDaemonPersonal/src/main/resources/application-dev.properties" />
      <jump line="30" column="0" filename="$USER_HOME$/code/protect/v3/SunDeamonGatewayParent/src/main/java/com/eversec/protect/oauth/wechat/SnsAccessTokenApi.java" />
      <jump line="147" column="0" filename="$USER_HOME$/code/protect/v3/SunDeamonGatewayParent/src/main/java/com/eversec/protect/oauth/wechat/SnsAccessTokenApi.java" />
      <jump line="0" column="0" filename="$USER_HOME$/code/protect/v3/SunDeamonGatewayParent/src/main/java/com/eversec/protect/oauth/wechat/SnsAccessTokenApi.java" />
      <jump line="23" column="18" filename="$USER_HOME$/code/protect/v3/SunDaemonPersonal/src/main/java/com/eversec/protect/modules/user/service/OAuthRelationService.java" />
      <jump line="95" column="18" filename="$USER_HOME$/code/protect/v3/SunDaemonPay/src/main/java/com/eversec/protect/modules/pay/service/TradeService.java" />
      <jump line="37" column="26" filename="$USER_HOME$/code/protect/v3/SunDaemonBrace/src/main/java/com/eversec/protect/modules/segment/dao/PhoneSegmentDao.java" />
      <jump line="10" column="75" filename="$USER_HOME$/code/protect/v3.1/SunDaemonPay/src/main/resources/templates/weixinPay.html" />
      <jump line="46" column="20" filename="$USER_HOME$/code/pmz/hbase/src/test/java/com/pmz/hbase/HDFSTest.java" />
      <jump line="44" column="4" filename="$USER_HOME$/code/pmz/hbase/src/test/java/com/pmz/hbase/HDFSTest.java" />
      <jump line="77" column="67" filename="$USER_HOME$/code/protect/v3.3/SunDaemonPersonal/src/main/java/com/eversec/protect/modules/notify/entity/Const.java" />
      <jump line="732" column="48" filename="$USER_HOME$/code/protect/v3.4/SunDaemonPersonal/src/main/java/com/eversec/protect/modules/bind/controller/BindController.java" />
      <jump line="93" column="13" filename="$USER_HOME$/code/protect/v3.4/SunDaemonPersonal/src/main/java/com/eversec/protect/modules/bind/controller/BindController.java" />
      <jump line="1158" column="59" filename="$USER_HOME$/code/protect/v3.4/SunDaemonPersonal/src/main/java/com/eversec/protect/modules/bind/controller/BindController.java" />
      <jump line="1140" column="8" filename="$USER_HOME$/code/protect/v3.4/SunDaemonPersonal/src/main/java/com/eversec/protect/modules/bind/controller/BindController.java" />
      <jump line="6" column="23" filename="$USER_HOME$/Desktop/work/sass/iot/saas-cm-iot/iot-terminal-front/src/views/safe-monitor/admin/components/LineChart.vue" />
      <jump line="79" column="4" filename="$USER_HOME$/Desktop/work/sass/iot/saas-cm-iot/iot-terminal-front/src/views/safe-monitor/admin/index.vue" />
      <jump line="73" column="9" filename="$USER_HOME$/Desktop/work/sass/iot/saas-cm-iot/iot-terminal-front/src/views/safe-monitor/admin/index.vue" />
      <jump line="62" column="27" filename="$USER_HOME$/Desktop/work/sass/iot/saas-cm-iot/iot-terminal-front/src/views/safe-monitor/admin/components/LineChart.vue" />
      <jump line="87" column="29" filename="$USER_HOME$/code/eversms/EverSms_V1.0.0/src/main/resources/province/hainanCTCC.properties" />
      <jump line="98" column="22" filename="$USER_HOME$/code/eversms/EverSms_V1.0.0/src/main/resources/province/hainanCTCC.properties" />
      <jump line="105" column="22" filename="$USER_HOME$/code/eversms/EverSms_V1.0.0/src/main/resources/province/hainanCTCC.properties" />
      <jump line="116" column="25" filename="$USER_HOME$/code/eversms/EverSms_V1.0.0/src/main/resources/province/hainanCTCC.properties" />
      <jump line="118" column="181" filename="$USER_HOME$/code/eversms/EverSms_V1.0.0/src/main/resources/province/hainanCTCC.properties" />
      <jump line="119" column="29" filename="$USER_HOME$/code/eversms/EverSms_V1.0.0/src/main/resources/province/hainanCTCC.properties" />
      <jump line="125" column="181" filename="$USER_HOME$/code/eversms/EverSms_V1.0.0/src/main/resources/province/hainanCTCC.properties" />
      <jump line="126" column="29" filename="$USER_HOME$/code/eversms/EverSms_V1.0.0/src/main/resources/province/hainanCTCC.properties" />
      <jump line="34" column="18" filename="$USER_HOME$/code/eversms/EverSms_V1.0.0/src/main/resources/province/hainanCTCC.properties" />
      <jump line="68" column="16" filename="$USER_HOME$/code/eversms/EverSms_V1.0.0/src/main/resources/province/hainanCTCC.properties" />
      <jump line="80" column="29" filename="$USER_HOME$/code/eversms/EverSms_V1.0.0/src/main/resources/province/hainanCTCC.properties" />
      <jump line="122" column="38" filename="$USER_HOME$/code/protect/v3.6/sun-deamon-report-ui/src/views/config_manage/document_modal.vue" />
      <jump line="22" column="44" filename="$USER_HOME$/code/protect/v3.6/sun-deamon-report-ui/src/views/config_manage/document_modal.vue" />
      <jump line="69" column="20" filename="$USER_HOME$/code/protect/v3.6/sun-deamon-report-ui/src/views/config_manage/document_modal.vue" />
      <jump line="90" column="16" filename="$USER_HOME$/code/protect/v3.6/sun-deamon-report-ui/src/views/config_manage/document_modal.vue" />
      <jump line="113" column="25" filename="$USER_HOME$/code/protect/v3.6/sun-deamon-report-ui/src/views/config_manage/document_modal.vue" />
      <jump line="69" column="9" filename="$USER_HOME$/code/protect/v3.6/sun-deamon-report-ui/src/views/activity/activy_config.vue" />
      <jump line="50" column="66" filename="$USER_HOME$/code/protect/v3.6/sun-deamon-report-ui/src/views/sms/send_more.vue" />
      <jump line="261" column="0" filename="$USER_HOME$/code/protect/v3.6/SunDeamonGatewayParent/src/main/java/com/eversec/protect/sso/controller/SSOController.java" />
      <jump line="59" column="21" filename="$USER_HOME$/code/protect/v3.6/SunDaemonPersonal/src/main/java/com/eversec/protect/modules/order/controller/BaseOrderController.java" />
      <jump line="331" column="24" filename="$USER_HOME$/code/protect/v3.6/sun-deamon-report-ui/src/views/bind/index.vue" />
      <jump line="330" column="24" filename="$USER_HOME$/code/protect/v3.6/sun-deamon-report-ui/src/views/bind/index.vue" />
      <jump line="392" column="24" filename="$USER_HOME$/code/protect/v3.6/sun-deamon-report-ui/src/views/bind/index.vue" />
      <jump line="414" column="24" filename="$USER_HOME$/code/protect/v3.6/sun-deamon-report-ui/src/views/bind/index.vue" />
      <jump line="440" column="20" filename="$USER_HOME$/code/protect/v3.6/sun-deamon-report-ui/src/views/bind/index.vue" />
      <jump line="288" column="28" filename="$USER_HOME$/code/protect/v3.6/sun-deamon-report-ui/src/views/business_data/order/index.vue" />
      <jump line="136" column="7" filename="$USER_HOME$/code/protect/v3.6/SunDaemonPersonal/src/main/java/com/eversec/protect/modules/activity/controller/ActivityController.java" />
      <jump line="100" column="37" filename="$USER_HOME$/code/protect/v3.6/SunDaemonPersonal/src/main/java/com/eversec/protect/modules/user/dao/ParentDao.java" />
    </jumps>
  </component>
  <component name="VimRegisterSettings">
    <registers>
      <register name="&quot;" type="4">
        <text>,</text>
      </register>
      <register name="-" type="4">
        <text>,</text>
      </register>
      <register name="/" type="4">
        <text encoding="base64">XDxvcHRUcmlnZ2VyXD4=</text>
      </register>
      <register name="0" type="2">
        <text encoding="base64">ICAgICAgICAgICAgU3RyaW5nIGFwcFR5cGVDb2RlID0gam9iLmdldFN0cmluZygiYXBwVHlwZUNvZGUiKTsK</text>
      </register>
      <register name="1" type="2">
        <text>dmp 最后使用时间</text>
      </register>
      <register name="2" type="2">
        <text>dmp 最后使用时间</text>
      </register>
      <register name="3" type="4">
        <text>/**生成目标用户                     **/
        LOGGER.info(&quot;生成目标用户start&quot;);
        targetGenerate(task.getCode());
        LOGGER.info(&quot;生成目标用户end&quot;);
        /**群发短信                     **/
        LOGGER.info(&quot;群发短信开始：&quot;);
        suc = batchSend(task.getCode(), task.getSmsType(), deployNode);</text>
      </register>
      <register name="4" type="2">
        <text>dmp 最后使用时间</text>
      </register>
      <register name="5" type="2">
        <text>dmp 最后使用时间</text>
      </register>
      <register name="6" type="2">
        <text>dmp 最后使用时间</text>
      </register>
      <register name="7" type="4">
        <text>@ApiParam(&quot;孩子手机号&quot;) @RequestParam String childPhone,
                                 @ApiParam(&quot;开通0取消1&quot;) @RequestParam Integer openType</text>
      </register>
      <register name="8" type="2">
        <text>dmp 最后使用时间</text>
      </register>
      <register name="9" type="2">
        <text>dmp 最后使用时间</text>
      </register>
      <register name=":" type="4">
        <text>reg</text>
      </register>
    </registers>
  </component>
  <component name="VimSearchSettings">
    <search>
      <last-search encoding="base64">XDxvcHRUcmlnZ2VyXD4=</last-search>
      <last-offset />
      <last-pattern encoding="base64">XDxvcHRUcmlnZ2VyXD4=</last-pattern>
      <last-dir>1</last-dir>
      <show-last>false</show-last>
    </search>
  </component>
  <component name="VimSettings">
    <state version="6" enabled="true" />
    <notifications>
      <idea-join enabled="true" />
      <idea-put enabled="false" />
    </notifications>
  </component>
</application>